populationSize, numKillRatio, mutationChance, mutationScale, numIterations, crossoverType, realCost1, realCost2, realCost3, averageCost, runTime
100, 10, 0.3, 0.5, 10, 1, 3.24907784586, 3.36981648587, 3.33142889645, 3.31677440939, 0.214401333333
100, 10, 0.3, 0.5, 10, 2, 3.30273233939, 3.32338494415, 3.26575343285, 3.2972902388, 0.215152
100, 10, 0.3, 1, 10, 1, 3.3292267169, 3.10391637048, 3.43024868904, 3.28779725881, 0.215226
100, 10, 0.3, 1, 10, 2, 3.19403022178, 3.30550674133, 3.33823701963, 3.27925799425, 0.216165666667
100, 10, 0.3, 2, 10, 1, 3.99741625888, 2.8312043686, 3.71401176516, 3.51421079755, 0.215158333333
100, 10, 0.3, 2, 10, 2, 3.19300309437, 3.5720016645, 2.99195663771, 3.25232046553, 0.215358666667
100, 10, 0.5, 0.5, 10, 1, 3.34229215558, 3.28171722601, 3.32681749473, 3.31694229211, 0.216007333333
100, 10, 0.5, 0.5, 10, 2, 3.27887931232, 3.52833304604, 3.41141015057, 3.40620750298, 0.216011666667
100, 10, 0.5, 1, 10, 1, 3.23848929916, 3.13279325651, 3.1300943063, 3.16712562065, 0.216329666667
100, 10, 0.5, 1, 10, 2, 3.08101444326, 3.30147517805, 3.32733510964, 3.23660824365, 0.216279
100, 10, 0.5, 2, 10, 1, 3.51969771224, 3.59487618418, 3.09260329788, 3.4023923981, 0.216248333333
100, 10, 0.5, 2, 10, 2, 3.0606930938, 3.08172234813, 2.97027882262, 3.03756475485, 0.216155666667
100, 10, 0.8, 0.5, 10, 1, 3.17600910106, 3.30013941882, 3.49706350367, 3.32440400785, 0.216855
100, 10, 0.8, 0.5, 10, 2, 3.40335406607, 3.37745153312, 3.20422343733, 3.32834301217, 0.217368333333
100, 10, 0.8, 1, 10, 1, 3.26478306425, 3.12562799003, 3.87076003618, 3.42039036349, 0.217229333333
100, 10, 0.8, 1, 10, 2, 2.91718572696, 3.15014592368, 3.40349420462, 3.15694195175, 0.217420666667
100, 10, 0.8, 2, 10, 1, 2.92911988744, 3.18146707016, 3.71686479675, 3.27581725145, 0.217487333333
100, 10, 0.8, 2, 10, 2, 3.72575048406, 4.65334156578, 3.25095809011, 3.87668337998, 0.217789666667
100, 3, 0.3, 0.5, 10, 1, 3.32834361656, 3.27847467665, 3.38307670187, 3.32996499836, 0.216033666667
100, 3, 0.3, 0.5, 10, 2, 3.37796223217, 3.36719613726, 3.34751809101, 3.36422548681, 0.216552
100, 3, 0.3, 1, 10, 1, 3.60805533996, 3.25183350745, 3.50791795506, 3.45593560083, 0.215640666667
100, 3, 0.3, 1, 10, 2, 3.54719827541, 2.89958637482, 3.41429690749, 3.28702718591, 0.216301666667
100, 3, 0.3, 2, 10, 1, 2.74643431542, 3.66813866807, 3.17558082479, 3.19671793609, 0.215987666667
100, 3, 0.3, 2, 10, 2, 3.15337372415, 3.29892996729, 3.32969245388, 3.26066538177, 0.216284666667
100, 3, 0.5, 0.5, 10, 1, 3.34938480206, 3.26867554994, 3.25725794428, 3.29177276543, 0.21706
100, 3, 0.5, 0.5, 10, 2, 3.33120010486, 3.29970116528, 3.34651483453, 3.32580536822, 0.217139333333
100, 3, 0.5, 1, 10, 1, 3.220144619, 3.44187691182, 3.28265392562, 3.31489181881, 0.216872
100, 3, 0.5, 1, 10, 2, 3.14973433823, 3.6528284116, 3.55802513971, 3.45352929651, 0.217
100, 3, 0.5, 2, 10, 1, 2.78902961908, 3.27870018449, 3.02051387872, 3.02941456076, 0.216743666667
100, 3, 0.5, 2, 10, 2, 3.22238891775, 3.22667175134, 3.01993478799, 3.15633181903, 0.217687333333
100, 3, 0.8, 0.5, 10, 1, 3.18115708627, 3.14862610464, 3.24955665759, 3.19311328283, 0.218539666667
100, 3, 0.8, 0.5, 10, 2, 3.53328190677, 3.21371014539, 3.3226320102, 3.35654135412, 0.218558333333
100, 3, 0.8, 1, 10, 1, 3.55740545524, 3.1518410835, 3.2949885331, 3.33474502395, 0.218118666667
100, 3, 0.8, 1, 10, 2, 3.28627306361, 3.46860957612, 3.39121059797, 3.38203107923, 0.218583333333
100, 3, 0.8, 2, 10, 1, 3.62847349814, 3.14128430414, 3.26977728226, 3.34651169485, 0.218002
100, 3, 0.8, 2, 10, 2, 3.02361694799, 3.90760201633, 3.43286212997, 3.4546936981, 0.218370666667
100, 2, 0.3, 0.5, 10, 1, 3.30059565767, 3.36543931376, 3.28407713306, 3.31670403483, 0.216619666667
100, 2, 0.3, 0.5, 10, 2, 3.37061419965, 3.38861223414, 3.1857157961, 3.3149807433, 0.216892
100, 2, 0.3, 1, 10, 1, 3.199048126, 3.04387184598, 3.31555932639, 3.18615976612, 0.216619
100, 2, 0.3, 1, 10, 2, 3.26114777651, 3.32284722859, 3.22974374084, 3.27124624864, 0.217175333333
100, 2, 0.3, 2, 10, 1, 3.22650631411, 3.2776523939, 3.25573328583, 3.25329733128, 0.216373
100, 2, 0.3, 2, 10, 2, 3.12867066198, 3.0656000875, 2.91277263881, 3.03568112943, 0.216982333333
100, 2, 0.5, 0.5, 10, 1, 3.42137122514, 3.56344201551, 3.34191888623, 3.4422440423, 0.217671
100, 2, 0.5, 0.5, 10, 2, 3.26567568152, 3.30928026911, 3.33841400479, 3.30445665181, 0.217809333333
100, 2, 0.5, 1, 10, 1, 3.36139861041, 3.13901322833, 3.34288886641, 3.28110023505, 0.217748333333
100, 2, 0.5, 1, 10, 2, 3.68387527967, 3.28416587596, 3.25096995676, 3.40633703746, 0.218074
100, 2, 0.5, 2, 10, 1, 4.00946750962, 3.14027261636, 3.25732173551, 3.4690206205, 0.217402
100, 2, 0.5, 2, 10, 2, 3.0853733291, 3.4113215515, 3.39158595069, 3.29609361043, 0.218007
100, 2, 0.8, 0.5, 10, 1, 3.20543339465, 3.29729817055, 3.43500477363, 3.31257877961, 0.218175
100, 2, 0.8, 0.5, 10, 2, 3.18742882122, 3.03942424723, 3.17468429957, 3.13384578934, 0.218773333333
100, 2, 0.8, 1, 10, 1, 3.28642624494, 3.17192139902, 3.29610226886, 3.25148330427, 0.218349666667
100, 2, 0.8, 1, 10, 2, 3.50513234841, 3.65929900577, 3.26121093051, 3.4752140949, 0.219129
100, 2, 0.8, 2, 10, 1, 3.37665614647, 3.83164262375, 2.81181706675, 3.34003861233, 0.218956
100, 2, 0.8, 2, 10, 2, 3.8165183025, 3.00631528229, 3.32839498154, 3.38374285544, 0.219478
1000, 10, 0.3, 0.5, 10, 1, 3.33989925522, 3.17865453879, 3.54167779987, 3.35341053129, 2.15078
1000, 10, 0.3, 0.5, 10, 2, 3.37086783841, 3.33559682195, 3.19384352788, 3.30010272941, 2.1495
1000, 10, 0.3, 1, 10, 1, 3.51163036999, 3.25541627183, 3.31417314207, 3.36040659463, 2.14974233333
1000, 10, 0.3, 1, 10, 2, 3.27748569485, 3.22985042085, 3.293088337, 3.2668081509, 2.15026866667
1000, 10, 0.3, 2, 10, 1, 3.49714065237, 3.79969111134, 2.9461464641, 3.41432607594, 2.15007566667
1000, 10, 0.3, 2, 10, 2, 3.62201763827, 2.97702333667, 3.48597017311, 3.36167038268, 2.15298
1000, 10, 0.5, 0.5, 10, 1, 3.34361204191, 3.24702209752, 3.2522622349, 3.28096545811, 2.16295466667
1000, 10, 0.5, 0.5, 10, 2, 3.17047975786, 3.32101102971, 3.34307761286, 3.27818946681, 2.16369166667
1000, 10, 0.5, 1, 10, 1, 3.33931501278, 3.07863600547, 3.32512992928, 3.24769364918, 2.16221733333
1000, 10, 0.5, 1, 10, 2, 3.31673174437, 3.21797125727, 3.30416845031, 3.27962381732, 2.16885666667
1000, 10, 0.5, 2, 10, 1, 3.32038800381, 3.54485842983, 3.26338900341, 3.37621181235, 2.16263333333
1000, 10, 0.5, 2, 10, 2, 2.91682081222, 2.71564445598, 3.04258850066, 2.89168458962, 2.16613166667
1000, 10, 0.8, 0.5, 10, 1, 3.2633403019, 3.27911389092, 3.27664672338, 3.27303363874, 2.17209333333
1000, 10, 0.8, 0.5, 10, 2, 3.15800009291, 3.36965050701, 3.30563266463, 3.27776108818, 2.17497133333
1000, 10, 0.8, 1, 10, 1, 3.27509155013, 3.34030694213, 2.95065896744, 3.1886858199, 2.17410833333
1000, 10, 0.8, 1, 10, 2, 3.53621794225, 2.8592481261, 3.28127485301, 3.22558030712, 2.17457333333
1000, 10, 0.8, 2, 10, 1, 2.93498564731, 3.28458670729, 2.92646086128, 3.04867773863, 2.17609866667
1000, 10, 0.8, 2, 10, 2, 2.6782360046, 3.41608822173, 3.50407581166, 3.19946667933, 2.174922
1000, 3, 0.3, 0.5, 10, 1, 3.26818813092, 3.34596834662, 3.30185641147, 3.30533762967, 2.16409633333
1000, 3, 0.3, 0.5, 10, 2, 3.33797941681, 3.26961226014, 3.30359670817, 3.30372946171, 2.17087866667
1000, 3, 0.3, 1, 10, 1, 3.48609679376, 3.40059588737, 3.23768371173, 3.37479213095, 2.16267366667
1000, 3, 0.3, 1, 10, 2, 3.00907555099, 3.21837560007, 3.27438308903, 3.16727808003, 2.164596
1000, 3, 0.3, 2, 10, 1, 3.39227248304, 3.52461046565, 3.44093552592, 3.4526061582, 2.159049
1000, 3, 0.3, 2, 10, 2, 3.52268621578, 3.31284526186, 3.32432704928, 3.38661950898, 2.165843
1000, 3, 0.5, 0.5, 10, 1, 3.22710330807, 3.36689034632, 3.2334556651, 3.27581643983, 2.176059
1000, 3, 0.5, 0.5, 10, 2, 3.24654690923, 3.40362683473, 3.3803359783, 3.34350324075, 2.17679733333
1000, 3, 0.5, 1, 10, 1, 3.155529693, 3.37971260449, 3.08216484538, 3.20580238096, 2.172598
1000, 3, 0.5, 1, 10, 2, 3.16360486225, 3.28596992541, 3.41073454306, 3.28676977691, 2.17249633333
1000, 3, 0.5, 2, 10, 1, 3.65799223705, 2.90231089002, 3.17373332066, 3.24467881591, 2.17274733333
1000, 3, 0.5, 2, 10, 2, 2.90974893641, 3.12518061781, 3.0750999071, 3.0366764871, 2.177566
1000, 3, 0.8, 0.5, 10, 1, 3.21972780632, 3.31666720007, 3.30531319153, 3.28056939931, 2.18237333333
1000, 3, 0.8, 0.5, 10, 2, 3.4336110829, 3.27621772403, 3.62077010156, 3.4435329695, 2.18801
1000, 3, 0.8, 1, 10, 1, 3.25623558479, 2.78998231929, 3.20814253434, 3.08478681281, 2.182804
1000, 3, 0.8, 1, 10, 2, 2.95762397864, 3.28262518231, 3.23725932461, 3.15916949519, 2.18679066667
1000, 3, 0.8, 2, 10, 1, 3.61223274609, 3.14326876377, 3.91478826939, 3.55676325975, 2.18388333333
1000, 3, 0.8, 2, 10, 2, 3.50227963617, 3.50497328857, 3.42096405774, 3.47607232749, 2.185859
1000, 2, 0.3, 0.5, 10, 1, 3.30680140424, 3.22684134354, 3.30984854034, 3.28116376271, 2.168107
1000, 2, 0.3, 0.5, 10, 2, 3.2225193413, 3.38062216041, 3.29949057971, 3.30087736047, 2.173401
1000, 2, 0.3, 1, 10, 1, 3.32162968622, 3.03884810824, 3.26135679254, 3.20727819567, 2.17062166667
1000, 2, 0.3, 1, 10, 2, 3.15018200359, 3.09698044418, 3.06203847013, 3.10306697263, 2.17601966667
1000, 2, 0.3, 2, 10, 1, 3.18707080424, 3.35105443628, 3.16674875798, 3.2349579995, 2.17319133333
1000, 2, 0.3, 2, 10, 2, 3.16683874987, 3.13159888706, 3.44225446126, 3.24689736606, 2.17967266667
1000, 2, 0.5, 0.5, 10, 1, 3.16821464957, 3.31897505771, 3.42695099848, 3.30471356859, 2.17929766667
1000, 2, 0.5, 0.5, 10, 2, 3.06313794863, 3.41460524392, 3.30223677649, 3.25999332302, 2.18461466667
1000, 2, 0.5, 1, 10, 1, 3.11324716777, 3.37416579192, 3.28791836256, 3.25844377408, 2.179321
1000, 2, 0.5, 1, 10, 2, 3.09945095809, 3.27535481832, 3.04245818999, 3.1390879888, 2.18514766667
1000, 2, 0.5, 2, 10, 1, 3.47402940816, 3.67833329941, 2.87982478033, 3.34406249597, 2.18075966667
1000, 2, 0.5, 2, 10, 2, 3.55247448842, 3.20202547187, 2.74892271939, 3.1678075599, 2.18316366667
1000, 2, 0.8, 0.5, 10, 1, 3.40053807412, 3.30778295023, 3.24573192322, 3.31801764919, 2.18990766667
1000, 2, 0.8, 0.5, 10, 2, 3.06333955078, 3.22180059229, 3.13311783378, 3.13941932562, 2.19656533333
1000, 2, 0.8, 1, 10, 1, 3.22149114589, 3.43879484003, 3.12444588165, 3.26157728919, 2.19522066667
1000, 2, 0.8, 1, 10, 2, 3.10753366587, 3.24254999962, 3.16335108571, 3.17114491706, 2.19757533333
1000, 2, 0.8, 2, 10, 1, 3.63522658819, 3.38436197793, 3.24365745096, 3.42108200569, 2.19048766667
1000, 2, 0.8, 2, 10, 2, 3.20811752565, 2.92569078489, 3.88190040803, 3.33856957286, 2.19663766667


100, 10, 0.3, 0.5, 100, 1, 2.97597834771, 3.17915266057, 3.14484127874, 3.09999076234, 2.23399533333
100, 10, 0.3, 0.5, 100, 2, 3.02214785222, 3.28247675831, 3.51510988867, 3.27324483307, 2.23978533333
100, 10, 0.3, 0.5, 1000, 1, 3.49670369168, 3.59079398094, 4.24256795927, 3.77668854397, 22.1997313333
100, 10, 0.3, 0.5, 1000, 2, 3.01089712425, 3.9442214045, 3.42509943532, 3.46007265469, 22.195625
100, 10, 0.3, 1, 100, 1, 3.06426180296, 3.51697946848, 2.83052369195, 3.1372549878, 2.23916466667
100, 10, 0.3, 1, 100, 2, 3.7462787189, 3.77719253934, 3.000807895, 3.50809305108, 2.23842533333
100, 10, 0.3, 1, 1000, 1, 4.44417596502, 5.29710316693, 6.46961276757, 5.40363063317, 22.203875
100, 10, 0.3, 1, 1000, 2, 7.34728193585, 3.06049742371, 7.93317281993, 6.11365072649, 22.2254716667
100, 10, 0.3, 2, 100, 1, 3.07553109551, 3.01341258684, 2.09771186973, 2.72888518403, 2.23765
100, 10, 0.3, 2, 100, 2, 3.74670062891, 5.45596368843, 2.92607222456, 4.04291218063, 2.239774
100, 10, 0.3, 2, 1000, 1, 8.13301212509, 11.8080207925, 16.1418276282, 12.0276201819, 22.2076886667
100, 10, 0.3, 2, 1000, 2, 9.48771238759, 8.39603084953, 9.12226172538, 9.00200165417, 22.2645946667
100, 10, 0.5, 0.5, 100, 1, 2.96602636707, 3.16099430096, 3.32410604023, 3.15037556942, 2.23900233333
100, 10, 0.5, 0.5, 100, 2, 3.53724794982, 3.1093806469, 3.64716905564, 3.43126588412, 2.23792566667
100, 10, 0.5, 0.5, 1000, 1, 3.50521692407, 3.30478687633, 3.54277634215, 3.45092671419, 22.248766
100, 10, 0.5, 0.5, 1000, 2, 3.74271271928, 2.77208730782, 3.89295285698, 3.46925096136, 22.2566286667
100, 10, 0.5, 1, 100, 1, 3.91793424164, 3.88180286192, 2.31007194535, 3.36993634964, 2.23710033333
100, 10, 0.5, 1, 100, 2, 3.90754441247, 4.37240129369, 3.56429823451, 3.94808131356, 2.238567
100, 10, 0.5, 1, 1000, 1, 4.41958457247, 5.61827326259, 4.3648754052, 4.80091108009, 22.2383336667
100, 10, 0.5, 1, 1000, 2, 6.51624653609, 4.72275928469, 5.49520608588, 5.57807063555, 22.260961
100, 10, 0.5, 2, 100, 1, 4.76386435938, 6.21836969628, 4.37337074174, 5.11853493247, 2.23550066667
100, 10, 0.5, 2, 100, 2, 5.18479231509, 5.66741366897, 4.33839905956, 5.06353501454, 2.23484666667
100, 10, 0.5, 2, 1000, 1, 10.1437044222, 13.2373393659, 7.3224209739, 10.234488254, 22.260959
100, 10, 0.5, 2, 1000, 2, 8.90889587371, 10.7365581571, 13.9989229279, 11.2147923196, 22.2573083333
100, 10, 0.8, 0.5, 100, 1, 3.49239050625, 3.28557158562, 3.22100090806, 3.33298766665, 2.236764
100, 10, 0.8, 0.5, 100, 2, 2.75172693668, 3.22647789171, 3.11819180653, 3.03213221164, 2.239535
100, 10, 0.8, 0.5, 1000, 1, 4.30576030848, 6.05829482686, 5.13710573413, 5.16705362316, 22.3032406667
100, 10, 0.8, 0.5, 1000, 2, 4.65727376559, 3.5623005053, 5.6049791738, 4.60818448156, 22.3303123333
100, 10, 0.8, 1, 100, 1, 4.05398995408, 3.6032753615, 3.48143345148, 3.71289958902, 2.24110433333
100, 10, 0.8, 1, 100, 2, 3.19573181273, 3.44925698212, 3.4431086188, 3.36269913788, 2.24352733333
100, 10, 0.8, 1, 1000, 1, 6.45323343889, 7.57565716972, 6.58582320682, 6.87157127181, 22.344057
100, 10, 0.8, 1, 1000, 2, 8.29262165175, 8.18175233291, 9.35982480501, 8.61139959656, 22.351752
100, 10, 0.8, 2, 100, 1, 4.13302441979, 4.18951623287, 5.53252807499, 4.61835624255, 2.242018
100, 10, 0.8, 2, 100, 2, 6.22424338035, 6.51444660608, 5.74260265901, 6.16043088181, 2.24236833333
100, 10, 0.8, 2, 1000, 1, 16.126463166, 11.7380148663, 13.3410720023, 13.7351833449, 22.336024
100, 10, 0.8, 2, 1000, 2, 11.7503937265, 18.0066492071, 13.1424419344, 14.2998282893, 22.314606
100, 3, 0.3, 0.5, 100, 1, 3.01921722497, 3.33531351666, 3.25271143081, 3.20241405748, 2.24927966667
100, 3, 0.3, 0.5, 100, 2, 2.99742348135, 3.55798560395, 3.23950125177, 3.26497011235, 2.25262933333
100, 3, 0.3, 0.5, 1000, 1, 3.27601489787, 3.53666333731, 4.18751299513, 3.6667304101, 22.2709373333
100, 3, 0.3, 0.5, 1000, 2, 3.45554507622, 3.24734970434, 3.42377647588, 3.37555708548, 22.334769
100, 3, 0.3, 1, 100, 1, 3.30189964792, 3.51598194188, 3.59788470909, 3.47192209963, 2.248083
100, 3, 0.3, 1, 100, 2, 3.78322056256, 3.70370971105, 3.30185445805, 3.59626157722, 2.254191
100, 3, 0.3, 1, 1000, 1, 5.67055817566, 6.10888171948, 6.15831304644, 5.97925098053, 22.3103916667
100, 3, 0.3, 1, 1000, 2, 4.66944306854, 3.37267847874, 4.74751196951, 4.26321117226, 22.3370553333
100, 3, 0.3, 2, 100, 1, 3.8949525649, 4.51613076904, 3.91399008952, 4.10835780782, 2.24713833333
100, 3, 0.3, 2, 100, 2, 4.0738264431, 3.99103087515, 4.11727683788, 4.06071138538, 2.25127066667
100, 3, 0.3, 2, 1000, 1, 6.4117720751, 15.6600722951, 8.17869094203, 10.0835117708, 22.315746
100, 3, 0.3, 2, 1000, 2, 6.59594850978, 8.26347468127, 8.2805575366, 7.71332690922, 22.3680106667
100, 3, 0.5, 0.5, 100, 1, 3.23037166672, 3.26949366279, 3.45447594443, 3.31811375798, 2.24735833333
100, 3, 0.5, 0.5, 100, 2, 3.29448801529, 3.45180068447, 3.10189047718, 3.28272639231, 2.25373433333
100, 3, 0.5, 0.5, 1000, 1, 3.1161290233, 5.1087131421, 3.39115013103, 3.87199743214, 22.3190856667
100, 3, 0.5, 0.5, 1000, 2, 3.93147981016, 4.49322329508, 4.96006517609, 4.46158942711, 22.3732453333
100, 3, 0.5, 1, 100, 1, 2.98030300039, 3.64075669306, 3.5580493052, 3.39303633288, 2.24702566667
100, 3, 0.5, 1, 100, 2, 3.69743167176, 2.56992370841, 3.86949173386, 3.37894903801, 2.24911933333
100, 3, 0.5, 1, 1000, 1, 4.79226839609, 7.0322280705, 5.87317565812, 5.89922404157, 22.329698
100, 3, 0.5, 1, 1000, 2, 4.68652570001, 4.683110791, 4.11702353645, 4.49555334249, 22.3689886667
100, 3, 0.5, 2, 100, 1, 3.97675520184, 5.45524416538, 3.95000861991, 4.46066932905, 2.24592666667
100, 3, 0.5, 2, 100, 2, 5.22231681603, 4.15555152971, 4.23806358765, 4.5386439778, 2.24968666667
100, 3, 0.5, 2, 1000, 1, 6.76336961347, 14.3516419829, 16.7195972922, 12.6115362962, 22.350227
100, 3, 0.5, 2, 1000, 2, 13.6093640583, 14.8586415907, 11.1549271068, 13.2076442519, 22.391775
100, 3, 0.8, 0.5, 100, 1, 3.07590125573, 3.24434722766, 2.92916625795, 3.08313824712, 2.25562166667
100, 3, 0.8, 0.5, 100, 2, 3.39440743474, 2.90171273976, 2.68684572504, 2.99432196652, 2.25587133333
100, 3, 0.8, 0.5, 1000, 1, 4.55274913829, 3.38140456447, 3.71143645391, 3.88186338556, 22.4045196667
100, 3, 0.8, 0.5, 1000, 2, 4.25774598763, 3.70230699107, 3.66600109143, 3.87535135671, 22.4471186667
100, 3, 0.8, 1, 100, 1, 3.82207202581, 3.70367586443, 2.53920278436, 3.3549835582, 2.249008
100, 3, 0.8, 1, 100, 2, 3.30374229544, 3.98006455542, 4.02011467523, 3.76797384203, 2.254963
100, 3, 0.8, 1, 1000, 1, 8.92784949052, 9.64264333753, 6.29705279289, 8.28918187365, 22.419387
100, 3, 0.8, 1, 1000, 2, 9.15146842562, 10.0546810172, 6.7902347458, 8.6654613962, 22.4470573333
100, 3, 0.8, 2, 100, 1, 5.11759531088, 5.43992525076, 5.7366016746, 5.43137407875, 2.24637366667
100, 3, 0.8, 2, 100, 2, 6.13461487521, 4.0097415183, 4.17151452449, 4.77195697267, 2.248566
100, 3, 0.8, 2, 1000, 1, 9.03302168554, 8.48791465698, 16.9359976603, 11.4856446676, 22.4665786667
100, 3, 0.8, 2, 1000, 2, 11.766341336, 10.9855710665, 20.9557502052, 14.5692208692, 22.4493933333
100, 2, 0.3, 0.5, 100, 1, 3.25307092502, 3.102374471, 3.33535440643, 3.23026660082, 2.25266533333
100, 2, 0.3, 0.5, 100, 2, 3.73527815352, 3.38296231768, 3.36486749915, 3.49436932345, 2.258331
100, 2, 0.3, 0.5, 1000, 1, 3.42668804413, 2.89867554541, 3.83314143902, 3.38616834286, 22.376268
100, 2, 0.3, 0.5, 1000, 2, 3.94194340069, 4.45249351983, 3.42696738322, 3.94046810124, 22.4177213333
100, 2, 0.3, 1, 100, 1, 3.70499526008, 3.59043035563, 2.90438397572, 3.39993653047, 2.254646
100, 2, 0.3, 1, 100, 2, 3.59725792538, 3.9038559693, 3.29723960575, 3.59945116681, 2.25848466667
100, 2, 0.3, 1, 1000, 1, 4.15966434901, 6.30950379589, 6.97748841436, 5.81555218642, 22.3810793333
100, 2, 0.3, 1, 1000, 2, 4.01549525651, 5.662419237, 6.62760575735, 5.43517341695, 22.452862
100, 2, 0.3, 2, 100, 1, 3.92360661104, 4.20796202376, 3.2344009655, 3.78865653343, 2.250311
100, 2, 0.3, 2, 100, 2, 2.88869983132, 4.69509643586, 3.86255169054, 3.81544931924, 2.25660366667
100, 2, 0.3, 2, 1000, 1, 6.78372914117, 7.20177461745, 7.71083795353, 7.23211390405, 22.384322
100, 2, 0.3, 2, 1000, 2, 6.45855901601, 8.92024738328, 8.5771301586, 7.98531218597, 22.4275076667
100, 2, 0.5, 0.5, 100, 1, 3.14285487654, 3.28267318893, 3.58749391036, 3.33767399194, 2.25457966667
100, 2, 0.5, 0.5, 100, 2, 3.21879219559, 3.49847738721, 3.20614554693, 3.30780504325, 2.259263
100, 2, 0.5, 0.5, 1000, 1, 4.13826987312, 3.68342532065, 5.35103632116, 4.39091050498, 22.3933536667
100, 2, 0.5, 0.5, 1000, 2, 4.52094228876, 3.22392903445, 2.7365782126, 3.49381651194, 22.457805
100, 2, 0.5, 1, 100, 1, 3.3616529781, 4.37129847934, 3.35390057886, 3.69561734543, 2.25506666667
100, 2, 0.5, 1, 100, 2, 3.09214359401, 3.21236692578, 3.9754699342, 3.42666015133, 2.26144866667
100, 2, 0.5, 1, 1000, 1, 7.25507861791, 5.08492079928, 6.21750634143, 6.18583525287, 22.4137333333
100, 2, 0.5, 1, 1000, 2, 5.78422985471, 7.13130210906, 5.09321461576, 6.00291552651, 22.4985073333
100, 2, 0.5, 2, 100, 1, 4.65637654863, 6.53529531284, 4.3269920338, 5.17288796509, 2.25352266667
100, 2, 0.5, 2, 100, 2, 4.46115690329, 5.90739724775, 3.81525995137, 4.72793803413, 2.25923266667
100, 2, 0.5, 2, 1000, 1, 9.95418650476, 8.54903100264, 10.8166618286, 9.773293112, 22.416694
100, 2, 0.5, 2, 1000, 2, 11.281220282, 9.63320793856, 10.0280780568, 10.3141687591, 22.500982
100, 2, 0.8, 0.5, 100, 1, 2.96066634116, 2.99293371396, 2.61387355897, 2.85582453803, 2.255269
100, 2, 0.8, 0.5, 100, 2, 3.12019084023, 3.14589761715, 3.13048341484, 3.13219062407, 2.261423
100, 2, 0.8, 0.5, 1000, 1, 5.58281378331, 4.15816127465, 4.02785314997, 4.58960940264, 22.5073006667
100, 2, 0.8, 0.5, 1000, 2, 2.85650015828, 3.53577068593, 3.59177268441, 3.32801450954, 22.5000026667
100, 2, 0.8, 1, 100, 1, 3.62021311, 3.29057054207, 3.15614415567, 3.35564260258, 2.25558066667
100, 2, 0.8, 1, 100, 2, 3.21122032158, 3.7931206751, 3.96617444652, 3.65683848107, 2.25953233333
100, 2, 0.8, 1, 1000, 1, 11.8886759829, 5.81936417715, 5.39343829452, 7.70049281818, 22.480516
100, 2, 0.8, 1, 1000, 2, 7.74441864922, 6.89064784999, 7.27966023262, 7.30490891061, 22.5504343333
100, 2, 0.8, 2, 100, 1, 5.68076098484, 5.90631380967, 6.9435780236, 6.1768842727, 2.25979333333
100, 2, 0.8, 2, 100, 2, 3.44454219677, 4.46254435353, 4.00663254858, 3.97123969962, 2.26118666667
100, 2, 0.8, 2, 1000, 1, 19.1042966816, 10.3601698928, 15.0117634632, 14.8254100125, 22.491116
100, 2, 0.8, 2, 1000, 2, 19.2421077131, 13.9827442131, 18.5202258972, 17.2483592745, 22.5547833333
1000, 10, 0.3, 0.5, 100, 1, 3.00994915542, 3.30998880443, 2.79573300078, 3.03855698688, 22.422179
1000, 10, 0.3, 0.5, 100, 2, 3.10465618614, 3.02732631231, 3.41371329148, 3.18189859664, 22.462268
1000, 10, 0.3, 0.5, 1000, 1, 2.87246349782, 4.06176315578, 3.99601892726, 3.64341519362, 223.090589667
1000, 10, 0.3, 0.5, 1000, 2, 4.13498843803, 3.29233460925, 2.57623942483, 3.33452082404, 223.029902
1000, 10, 0.3, 1, 100, 1, 3.74101757458, 2.92961414321, 2.94278851671, 3.2044734115, 22.497529
1000, 10, 0.3, 1, 100, 2, 2.83341257112, 3.80260911318, 3.22009834342, 3.28537334257, 22.5217666667
1000, 10, 0.3, 1, 1000, 1, 3.68913653682, 3.10694317991, 5.34844780683, 4.04817584119, 223.188037667
1000, 10, 0.3, 1, 1000, 2, 6.18402694947, 5.58225455872, 3.40566799637, 5.05731650152, 223.376711667
1000, 10, 0.3, 2, 100, 1, 4.13438444035, 4.42301584384, 3.44927819722, 4.00222616047, 22.4646646667
1000, 10, 0.3, 2, 100, 2, 3.24041132166, 3.67108307036, 5.22834704613, 4.04661381272, 22.4898253333
1000, 10, 0.3, 2, 1000, 1, 4.61364953347, 6.27323977213, 9.41460097045, 6.76716342535, 223.055536333
1000, 10, 0.3, 2, 1000, 2, 8.10088032367, 9.93483636515, 7.27972839977, 8.4384816962, 223.194106667
1000, 10, 0.5, 0.5, 100, 1, 3.51499279357, 3.01909387243, 2.7629362236, 3.09900762987, 22.4785113333
1000, 10, 0.5, 0.5, 100, 2, 3.0462242667, 2.726149473, 3.33427954116, 3.03555109362, 22.4923253333
1000, 10, 0.5, 0.5, 1000, 1, 4.23516147779, 3.89927373713, 2.31049250074, 3.48164257189, 223.802102667
1000, 10, 0.5, 0.5, 1000, 2, 3.7595618829, 3.05936804592, 3.73438568188, 3.51777187023, 223.898579
1000, 10, 0.5, 1, 100, 1, 3.90771956739, 3.26965107841, 2.90843331508, 3.36193465363, 22.472763
1000, 10, 0.5, 1, 100, 2, 3.5260964646, 3.17773803707, 2.37785682235, 3.02723044134, 22.4921786667
1000, 10, 0.5, 1, 1000, 1, 6.22826718532, 5.45965092188, 6.30923134182, 5.99904981634, 223.726954
1000, 10, 0.5, 1, 1000, 2, 5.80876716206, 5.54216047665, 4.40674233108, 5.2525566566, 223.855515667
1000, 10, 0.5, 2, 100, 1, 4.92698115066, 4.5602116006, 3.60622964999, 4.36447413375, 22.5005756667
1000, 10, 0.5, 2, 100, 2, 4.28403095834, 2.78524663053, 4.56836527666, 3.87921428851, 22.486929
1000, 10, 0.5, 2, 1000, 1, 15.1696675128, 12.123078302, 9.9941627725, 12.4289695291, 223.883842667
1000, 10, 0.5, 2, 1000, 2, 6.9870544422, 9.84325159393, 7.50852776012, 8.11294459875, 223.806818
1000, 10, 0.8, 0.5, 100, 1, 3.07468282751, 2.9525649241, 3.19663228546, 3.07462667902, 22.5122433333
1000, 10, 0.8, 0.5, 100, 2, 3.2766210615, 3.42328928675, 2.65530265163, 3.11840433329, 22.5071243333
1000, 10, 0.8, 0.5, 1000, 1, 4.55733751953, 4.06078511695, 2.94717411547, 3.85509891732, 224.106412333
1000, 10, 0.8, 0.5, 1000, 2, 3.76611038304, 3.3055954121, 4.91813242529, 3.99661274014, 222.741381667
1000, 10, 0.8, 1, 100, 1, 3.67963501601, 3.50010023459, 3.64134426725, 3.60702650595, 22.3119113333
1000, 10, 0.8, 1, 100, 2, 3.55955732965, 3.41074461391, 3.11077231615, 3.36035808657, 22.3046826667
1000, 10, 0.8, 1, 1000, 1, 5.82802425418, 9.53241237565, 7.60077832722, 7.65373831902, 222.253653333
1000, 10, 0.8, 1, 1000, 2, 6.8021703581, 8.60713231033, 8.1906808045, 7.86666115764, 222.384139667
1000, 10, 0.8, 2, 100, 1, 4.54478451391, 4.81074423088, 3.99699950318, 4.45084274932, 22.3023196667
1000, 10, 0.8, 2, 100, 2, 5.34100328343, 3.33638797781, 5.77874510802, 4.81871212309, 22.324425
1000, 10, 0.8, 2, 1000, 1, 13.8785694771, 14.9277889669, 17.6358632803, 15.4807405747, 222.445948333
1000, 10, 0.8, 2, 1000, 2, 10.952580003, 17.1567944361, 10.1766330958, 12.7620025116, 222.675132333
1000, 3, 0.3, 0.5, 100, 1, 2.8846515881, 3.23871772784, 3.25451384565, 3.12596105386, 22.4302026667
1000, 3, 0.3, 0.5, 100, 2, 3.6127273324, 3.08068653814, 2.96977403987, 3.2210626368, 22.4174266667
1000, 3, 0.3, 0.5, 1000, 1, 3.35185601288, 3.48131392447, 3.55332840471, 3.46216611402, 222.324628333
1000, 3, 0.3, 0.5, 1000, 2, 3.33001033628, 3.89364360979, 3.29562946625, 3.50642780411, 222.524357
1000, 3, 0.3, 1, 100, 1, 3.36417847643, 2.58179119219, 2.83706314306, 2.92767760389, 22.3803753333
1000, 3, 0.3, 1, 100, 2, 3.6491813246, 3.13181500032, 2.74869885999, 3.17656506164, 22.4268263333
1000, 3, 0.3, 1, 1000, 1, 5.57593268897, 3.39978896792, 6.38267276059, 5.11946480583, 222.160663667
1000, 3, 0.3, 1, 1000, 2, 6.54544639965, 5.64397081585, 4.94243773797, 5.71061831782, 222.546935
1000, 3, 0.3, 2, 100, 1, 3.50305332123, 3.86028224988, 3.77438411173, 3.71257322761, 22.365867
1000, 3, 0.3, 2, 100, 2, 3.36451109852, 4.02370480789, 3.56087499388, 3.64969696676, 22.4215356667
1000, 3, 0.3, 2, 1000, 1, 6.19006027287, 6.9026692495, 4.56619522626, 5.88630824954, 222.224937
1000, 3, 0.3, 2, 1000, 2, 4.1926949986, 7.31958302681, 9.07964696534, 6.86397499692, 222.727754667
1000, 3, 0.5, 0.5, 100, 1, 3.28354587144, 3.16860188679, 2.98103149631, 3.14439308485, 22.370277
1000, 3, 0.5, 0.5, 100, 2, 2.90447946747, 3.18535660494, 3.29037600125, 3.12673735789, 22.4172616667
1000, 3, 0.5, 0.5, 1000, 1, 2.51610699397, 3.52644444271, 3.68192938385, 3.24149360684, 222.523081333
1000, 3, 0.5, 0.5, 1000, 2, 3.72467070771, 4.14021815183, 4.20881598178, 4.02456828044, 223.000062
1000, 3, 0.5, 1, 100, 1, 3.0971205219, 3.39627837071, 2.55501529683, 3.01613806315, 22.379579
1000, 3, 0.5, 1, 100, 2, 3.49874396136, 3.76423633639, 4.03085414108, 3.76461147961, 22.4108656667
1000, 3, 0.5, 1, 1000, 1, 5.50187805169, 7.96585521934, 4.75498309604, 6.07423878902, 222.495553667
1000, 3, 0.5, 1, 1000, 2, 6.42961222686, 6.86438435927, 6.26247851139, 6.51882503251, 222.935984667
1000, 3, 0.5, 2, 100, 1, 2.9472322404, 5.89513705832, 4.25756442114, 4.36664457329, 22.366917
1000, 3, 0.5, 2, 100, 2, 4.60644698504, 5.02900512908, 2.25306066064, 3.96283759159, 22.414898
1000, 3, 0.5, 2, 1000, 1, 9.0369256554, 10.0452822429, 6.29581903492, 8.45934231109, 222.604479333
1000, 3, 0.5, 2, 1000, 2, 8.81451747139, 9.18983015265, 11.21464026, 9.73966262802, 223.056210333
1000, 3, 0.8, 0.5, 100, 1, 2.94306044831, 3.90325678121, 3.11215529889, 3.3194908428, 22.406302
1000, 3, 0.8, 0.5, 100, 2, 3.12834207959, 3.35315891721, 3.09553739469, 3.1923461305, 22.4508046667
1000, 3, 0.8, 0.5, 1000, 1, 3.32275997147, 3.78936404238, 2.86165791298, 3.32459397561, 223.333911667
1000, 3, 0.8, 0.5, 1000, 2, 5.0381821492, 4.6928260032, 3.46625041209, 4.39908618816, 223.769829667
1000, 3, 0.8, 1, 100, 1, 1.99871768798, 3.41584050361, 4.21872569123, 3.21109462761, 22.422508
1000, 3, 0.8, 1, 100, 2, 2.54910460468, 3.43058779834, 2.52745577921, 2.83571606074, 22.4664793333
1000, 3, 0.8, 1, 1000, 1, 6.94995755097, 9.0629546908, 4.10756744292, 6.70682656156, 223.329789333
1000, 3, 0.8, 1, 1000, 2, 6.86240541018, 7.96028481634, 3.78390504347, 6.20219842333, 223.703993333
1000, 3, 0.8, 2, 100, 1, 4.99855830422, 3.59906590491, 4.36882010379, 4.32214810431, 22.3911416667
1000, 3, 0.8, 2, 100, 2, 5.42144159972, 2.35784711709, 6.64256213938, 4.80728361873, 22.466414
1000, 3, 0.8, 2, 1000, 1, 15.6347570535, 11.9430733554, 14.0303086656, 13.8693796915, 223.269885
1000, 3, 0.8, 2, 1000, 2, 13.3626537014, 9.68855255926, 8.20635081898, 10.4191856932, 223.723775
1000, 2, 0.3, 0.5, 100, 1, 2.91949796011, 3.36822683, 3.24523362935, 3.17765280649, 22.465539
1000, 2, 0.3, 0.5, 100, 2, 3.01637534212, 3.09796382329, 3.34819407197, 3.15417774579, 22.5301823333
1000, 2, 0.3, 0.5, 1000, 1, 2.90664948325, 4.66400626536, 3.09048640863, 3.55371405241, 222.829911
1000, 2, 0.3, 0.5, 1000, 2, 4.0143521097, 2.9874181872, 2.81847202416, 3.27341410702, 223.806669667
1000, 2, 0.3, 1, 100, 1, 3.90017653442, 2.41885780256, 2.8863689742, 3.06846777039, 22.473119
1000, 2, 0.3, 1, 100, 2, 3.09067616829, 3.49885995484, 3.00981956296, 3.19978522869, 22.501091
1000, 2, 0.3, 1, 1000, 1, 4.67936734762, 4.04762572846, 4.98212947337, 4.56970751648, 222.858932333
1000, 2, 0.3, 1, 1000, 2, 5.02693512113, 4.90064025644, 6.033069201, 5.32021485952, 223.462353667
1000, 2, 0.3, 2, 100, 1, 4.92133264682, 3.33402190767, 2.95091120846, 3.73542192098, 22.4431293333
1000, 2, 0.3, 2, 100, 2, 4.76197313363, 2.98178964924, 4.40078743212, 4.048183405, 22.4956246667
1000, 2, 0.3, 2, 1000, 1, 11.7308267189, 10.1690848667, 6.07742096649, 9.32577751736, 222.788411
1000, 2, 0.3, 2, 1000, 2, 6.22777329056, 6.52478717015, 13.2674157059, 8.67332538886, 223.471366
1000, 2, 0.5, 0.5, 100, 1, 3.19095997932, 3.28973012945, 3.12488336509, 3.20185782462, 22.446529
1000, 2, 0.5, 0.5, 100, 2, 3.3836833188, 3.01118399451, 3.35477927254, 3.24988219528, 22.496248
1000, 2, 0.5, 0.5, 1000, 1, 4.33935027182, 3.61927286103, 3.41099090125, 3.7898713447, 223.333571667
1000, 2, 0.5, 0.5, 1000, 2, 5.15314353864, 3.43963954136, 3.35312297762, 3.98196868587, 223.836124333
1000, 2, 0.5, 1, 100, 1, 3.37563304214, 3.43286304474, 4.37419648229, 3.72756418972, 22.443533
1000, 2, 0.5, 1, 100, 2, 4.05293605645, 3.57892105858, 3.30817541348, 3.6466775095, 22.5010543333
1000, 2, 0.5, 1, 1000, 1, 5.45149614939, 4.80384476451, 4.3096635374, 4.85500148377, 223.357739
1000, 2, 0.5, 1, 1000, 2, 6.32181226294, 5.44789303291, 5.26479111475, 5.6781654702, 223.695634
1000, 2, 0.5, 2, 100, 1, 4.76880054972, 4.05321972446, 4.99372375981, 4.60524801133, 22.439123
1000, 2, 0.5, 2, 100, 2, 3.45427167713, 4.28859244121, 4.3707701818, 4.03787810005, 22.4856313333
1000, 2, 0.5, 2, 1000, 1, 9.84467979415, 10.721426452, 10.3259336486, 10.2973466316, 223.295631
1000, 2, 0.5, 2, 1000, 2, 7.57824015492, 15.9321462873, 7.62634147718, 10.3789093065, 223.947032
1000, 2, 0.8, 0.5, 100, 1, 3.63691569639, 3.15776108229, 3.28732966528, 3.36066881466, 22.650634
1000, 2, 0.8, 0.5, 100, 2, 3.35482513174, 3.66653106499, 3.44064556812, 3.48733392162, 23.8895416667
1000, 2, 0.8, 0.5, 1000, 1, 4.15976860725, 3.72429920653, 3.94383946068, 3.94263575815, 229.908844
1000, 2, 0.8, 0.5, 1000, 2, 3.83898394387, 3.93840562468, 3.92004399093, 3.89914451983, 226.676567667
1000, 2, 0.8, 1, 100, 1, 2.98033293428, 3.29206132446, 4.31091544124, 3.52776989999, 22.6704113333
1000, 2, 0.8, 1, 100, 2, 3.18024865527, 4.08880484777, 2.96416446745, 3.41107265683, 22.7501263333
1000, 2, 0.8, 1, 1000, 1, 7.46677817239, 5.30769708613, 5.15248247613, 5.97565257822, 226.386443
1000, 2, 0.8, 1, 1000, 2, 4.41889578124, 6.37458738364, 6.83817879496, 5.87722065328, 226.728722667
1000, 2, 0.8, 2, 100, 1, 3.82141528814, 5.02975238562, 5.08142012774, 4.64419593383, 22.699669
1000, 2, 0.8, 2, 100, 2, 5.1772253725, 3.62505617479, 2.95985010081, 3.92071054936, 22.74044
1000, 2, 0.8, 2, 1000, 1, 10.8252059477, 13.8664627336, 12.9189327029, 12.5368671281, 226.234006667
1000, 2, 0.8, 2, 1000, 2, 7.40931901452, 5.49599629456, 8.86486583265, 7.25672704724, 226.750872333




